"ID","DOT_WEB_ID","CASE_NUMBER","CRASH_YEAR","COUNTY","MUNICIPALITY","CRASH_DATE","CRASH_DAY_OF_WEEK","CRASH_MONTH","CRASH_TIME","POLICE_DEPT_CODE","POLICE_DEPARTMENT","POLICE_STATION","TOTAL_KILLED","TOTAL_INCAPACITATED","TOTAL_INJURED","PEDESTRIANS_KILLED","PEDESTRIANS_INJURED","SEVERITY","INTERSECTION","ALCOHOL_INVOLVED","HAZMAT_INVOLVED","CRASH_TYPE","TOTAL_VEHICLES_INVOLVED","CRASH_LOCATION","LOCATION_DIRECTION","ROUTE","ROUTE_SUFFIX","SRI","MILEPOST","ROAD_SYSTEM","ROAD_CHARACTER","ROAD_SURFACE_TYPE","SURFACE_CONDITION","LIGHT_CONDITION","ENVIRONMENTAL_CONDITION","ROAD_DIVIDED_BY","TEMP_TRAFFIC_CONTROL_ZONE","DISTANCE_TO_CROSS_STREET","UNIT_OF_MEASUREMENT","DIRECTION_FROM_CROSS_STREET","CROSS_STREET_NAME","IS_RAMP","RAMP_TO_FROM_ROUTE_NAME","RAMP_TO_FROM_ROUTE_DIRECTION","POSTED_SPEED","POSTED_SPEED_CROSS_STREET","LATITUDE","LONGITUDE","CELL_PHONE_IN_USE","OTHER_PROPERTY_DAMAGE","REPORTING_BADGE_NO","X","Y","CRASH_NARRATIVE","MPO","TOTAL_PEDESTRIANS_INVOLVED","EPDO","DLN"
7424195,"200811030841766","841766",2008,"MERCER","Hamilton Twp (Mercer Co)","9/23/2008 0:00","Tuesday","September","12/31/1899 6:10","1","HAMILTON","",0,0,1,0,0,"Injury","At Intersection","No","No","Pedalcyclist",1,"MERCER COUNTY 618","NULL",618,"","11000618",1.68,"County","Straight and Level","Blacktop","Dry","Dark (Street Lights On/ continuous)","Clear","None","None",NA,"At","NULL","ABERFOYLE DRIVE","NULL","","NULL",35,25,40.22856,-74.65813,"No","","304",447975.256406,508209.252335,NA,"DVRPC",0,"Moderate Injury",8207781
7421904,"2008110308-15495","08-15495",2008,"MERCER","Hamilton Twp (Mercer Co)","4/11/2008 0:00","Friday","April","12/31/1899 13:30","1","HAMILTON","",0,0,1,0,0,"Injury","At Intersection","No","No","Pedalcyclist",1,"MERCER COUNTY 619","NULL",619,"","11000619",0.52,"County","Straight and Grade","Blacktop","Dry","Daylight","Clear","None","None",NA,"At","NULL","ESTATES BLVD.","NULL","","NULL",35,25,40.21053,-74.70351,"No","BIKE","302",435289.414741,501670.700599,NA,"DVRPC",0,"Moderate Injury",8066554
7422958,"2008110308-38709","08-38709",2008,"MERCER","Hamilton Twp (Mercer Co)","9/3/2008 0:00","Wednesday","September","12/31/1899 15:45","1","HAMILTON","",0,0,1,0,0,"Injury","At Intersection","No","No","Pedalcyclist",1,"NJ 33","NULL",33,"","33",1.54,"State Highway","Straight and Level","Blacktop","Dry","Daylight","Clear","None","None",NA,"At","NULL","MASSACHUSETTS AVENUE","NULL","","NULL",30,25,40.22634,-74.73234,"No","BRYELES","309",427251.799826,507448.784893,NA,"DVRPC",0,"Moderate Injury",8189204
7422712,"2008110308-33264","08-33264",2008,"MERCER","Hamilton Twp (Mercer Co)","7/30/2008 0:00","Wednesday","July","12/31/1899 15:12","1","HAMILTON TOWNSHIP","",0,0,1,0,0,"Injury","Not At Intersection","No","No","Pedalcyclist",1,"US 130","North",130,"","130",60.22,"State Highway","Straight and Level","Concrete","Dry","Daylight","Clear","Grass Median","Construction Zone",1500,"Foot","South","CROSSWICKS HAMILTON SQ RD","NULL","","NULL",55,35,40.18953,-74.65169,"No","","322",449746.332136,493990.803158,NA,"DVRPC",0,"Pain",8145826
7423361,"2008110308-46107","08-46107",2008,"MERCER","Hamilton Twp (Mercer Co)","10/22/2008 0:00","Wednesday","October","12/31/1899 10:41","1","HAMILTON TOWNSHIP","",0,0,1,0,0,"Injury","At Intersection","No","No","Pedalcyclist",1,"LAFAYETTE AVE","NULL",NA,"","11031992",0.2,"Municipal","Straight and Level","Blacktop","Dry","Daylight","Clear","None","None",NA,"At","NULL","BUCHANAN AVE","NULL","","NULL",25,25,40.19691,-74.72828,"No","","381",428358.018221,496725.202949,NA,"DVRPC",0,"Pain",8251893
7421732,"2008110308-10625","08-10625",2008,"MERCER","Hamilton Twp (Mercer Co)","3/11/2008 0:00","Tuesday","March","12/31/1899 20:33","1","HAMILTON TOWNSHIP","",0,0,1,0,0,"Injury","Not At Intersection","No","No","Pedalcyclist",1,"ROUTE 533","NULL",533,"","533",4.39,"County","Straight and Level","Blacktop","Dry","Dark (Street LIghts On/ spot)","Clear","None","None",10,"Foot","South","FLOCK RD","NULL","","NULL",40,35,40.24884,-74.68516,"No","NONE","381",440442.28,515613,NA,"DVRPC",0,"Moderate Injury",8051315
7423521,"2008110308-48816","08-48816",2008,"MERCER","Hamilton Twp (Mercer Co)","11/8/2008 0:00","Saturday","November","12/31/1899 15:21","1","HAMILTON TWP PD (MERCER)","",0,0,2,0,0,"Injury","At Intersection","No","No","Pedalcyclist",1,"ROUTE 524","East",524,"","524",1.4,"County","Straight and Grade","Blacktop","Wet","Daylight","Clear","Curbed Median","None",NA,"At","NULL","SUNNY BRAE BLVD","NULL","","NULL",35,25,40.18473,-74.67949,"No","","322",441978.62,492256.45,NA,"DVRPC",0,"Pain",9008904
7421764,"2008110308-11649","08-11649",2008,"MERCER","Hamilton Twp (Mercer Co)","3/18/2008 0:00","Tuesday","March","12/31/1899 20:49","1","HAMILTON","",0,0,1,0,0,"Injury","Not At Intersection","No","No","Pedalcyclist",1,"MERCER COUNTY 620","NULL",620,"","11000620",0.18,"County","Straight and Grade","Blacktop","Dry","Dark (Street Lights Off)","Overcast","None","None",50,"Foot","East","COPPERFIELD DR","NULL","","NULL",35,25,40.1896,-74.69276,"No","","389",438274.364266,494036.804317,NA,"DVRPC",0,"Moderate Injury",8047449
7423505,"2008110308-48581","08-48581",2008,"MERCER","Hamilton Twp (Mercer Co)","11/7/2008 0:00","Friday","November","12/31/1899 8:27","1","HAMILTON TOWNSHIP","",0,0,1,0,0,"Injury","At Intersection","No","No","Pedalcyclist",1,"MERCER COUNTY 652","NULL",652,"","11000652",0.13,"Municipal","Straight and Level","Blacktop","Dry","Daylight","Clear","None","None",NA,"At","NULL","CR 535","NULL","","NULL",35,25,40.23583,-74.6903,"No","","381",438997.14,510877.8,NA,"DVRPC",0,"Pain",8263312
7425060,"20081106HT2008-009393","HT2008-009393",2008,"MERCER","Hopewell Twp (Mercer Co)","4/20/2008 0:00","Sunday","April","12/31/1899 15:43","1","HOPEWELL","53 ZONE",0,0,1,0,0,"Injury","At Intersection","No","No","Pedalcyclist",1,"ROUTE 579","South",579,"","579",6.51,"County","Straight and Level","Blacktop","Dry","Daylight","Clear","None","None",NA,"At","West","CHURCH RD","NULL","","NULL",45,35,40.3189,-74.85271,"No","","29",393777.832639,541276.553917,NA,"DVRPC",0,"Moderate Injury",8083786
7425336,"20081106HT2008-023273","HT2008-023273",2008,"MERCER","Hopewell Twp (Mercer Co)","10/13/2008 0:00","Monday","October","12/31/1899 15:24","1","HOPEWELL","51 NORTH",0,0,1,0,0,"Injury","At Intersection","No","No","Pedalcyclist",1,"MERCER COUNTY 624","East",624,"","11000624",1.98,"County","Straight and Level","Blacktop","Dry","Daylight","Clear","None","None",NA,"At","NULL","OLD MILL ROAD","NULL","","NULL",45,30,40.3469,-74.76348,"No","","35",418688.21,551390.03,NA,"DVRPC",0,"Pain",8223886
7425859,"2008110708-20334-AC","08-20334-AC",2008,"MERCER","Lawrence Twp (Mercer Co)","5/15/2008 0:00","Thursday","May","12/31/1899 8:17","1","LAWRENCE TOWNSHIP","",0,0,1,0,0,"Injury","At Intersection","No","No","Pedalcyclist",1,"ROUTE 569","West",569,"","569",4.12,"County","Straight and Level","Blacktop","Dry","Daylight","Clear","None","None",NA,"At","NULL","CR 604","NULL","","NULL",45,45,40.33813,-74.72168,"No","","146",430331.57,548162.22,NA,"DVRPC",0,"Moderate Injury",8156086
7425732,"2008110708-013743","08-013743",2008,"MERCER","Lawrence Twp (Mercer Co)","3/25/2008 0:00","Tuesday","March","12/31/1899 13:59","1","LAWRENCE TWP.","",0,0,1,0,0,"Injury","Not At Intersection","No","No","Pedalcyclist",1,"ROUTE 583","North",583,"","583",1.1,"Municipal","Straight and Level","Blacktop","Dry","Daylight","Clear","Painted Median","None",50,"Foot","North","LAWRENCE ROAD","NULL","","NULL",25,35,40.25026,-74.74201,"No","","206",424577.375795,516168.438383,NA,"DVRPC",0,"Pain",8093491
7426179,"2008110708-38178-AC","08-38178-AC",2008,"MERCER","Lawrence Twp (Mercer Co)","9/17/2008 0:00","Wednesday","September","12/31/1899 11:43","1","LAWRENCE TOWNSHIP","",0,0,1,0,0,"Injury","Not At Intersection","No","No","Pedalcyclist",1,"US 1","NULL",1,"","1",8.03,"State Highway","Straight and Level","Blacktop","Dry","Daylight","Clear","None","None",NA,"NULL","NULL","","NULL","","NULL",25,NA,40.2973,-74.67923,"No","","117",442134.743175,533261.825976,NA,"DVRPC",0,"Pain",8206828
7426804,"20081108082794","82794",2008,"MERCER","Pennington Borough","10/23/2008 0:00","Thursday","October","12/31/1899 7:38","1","PENNINGTON","",0,0,1,0,0,"Injury","Not At Intersection","No","No","Pedalcyclist",1,"MERCER COUNTY 623","West",623,"","11000623",2.86,"County","Straight and Level","Blacktop","Dry","Daylight","Clear","None","None",50,"Foot","West","RT 31","NULL","","NULL",25,NA,40.33192,-74.79854,"No","","709",408899.77,545963.73,NA,"DVRPC",0,"Pain",8238943
7426882,"2008110908-18102","08-18102",2008,"MERCER","Princeton Borough","10/16/2008 0:00","Thursday","October","12/31/1899 15:03","1","PRINCETON BOROUGH","",0,0,1,0,0,"Injury","At Intersection","No","No","Pedalcyclist",1,"US 206","NULL",206,"","206",54.38,"State Highway","Straight and Grade","Blacktop","Dry","Daylight","Clear","None","None",NA,"At","NULL","WESTCOTT ROAD","NULL","","NULL",30,25,40.35378,-74.66829,"No","","104",445224.013976,553828.266182,NA,"DVRPC",0,"Moderate Injury",8238033
7427675,"2008111008-7275","Aug-75",2008,"MERCER","Princeton Township","4/30/2008 0:00","Wednesday","April","12/31/1899 17:29","1","PRINCETON TOWNSHIP","",0,0,1,0,0,"Injury","At Intersection","No","No","Pedalcyclist",1,"NJ 27","NULL",27,"","27",1.43,"State Highway","Straight and Level","Blacktop","Dry","Daylight","Clear","None","None",NA,"At","NULL","RIVERSIDE DRIVE","NULL","","NULL",35,25,40.35652,-74.63949,"No","","196",453252.734946,554815.251236,NA,"DVRPC",0,"Pain",8080351
7427689,"2008111008-7705","Aug-05",2008,"MERCER","Princeton Township","5/7/2008 0:00","Wednesday","May","12/31/1899 16:44","1","PRINCETON TOWNSHIP","",0,1,1,0,0,"Injury","Not At Intersection","No","No","Pedalcyclist",1,"ROUTE 571","NULL",571,"","571",43.5,"County","Straight and Grade","Blacktop","Dry","Daylight","Clear","None","None",100,"Foot","South","IVY LANE","NULL","","NULL",25,25,40.34347,-74.6517,"No","NONE","181",449840.692326,550066.026744,NA,"DVRPC",0,"Incapacitating Injury",8110125
7427633,"2008111008-559","08-559",2008,"MERCER","Princeton Township","1/11/2008 0:00","Friday","January","12/31/1899 8:46","1","PRINCETON TOWNSHIP","",0,0,1,0,0,"Injury","At Intersection","No","No","Pedalcyclist",1,"MERCER COUNTY 629","NULL",629,"","11000629",0.03,"County","Straight and Level","Blacktop","Dry","Daylight","Overcast","None","None",NA,"At","NULL","WESTERN WAY","NULL","","NULL",25,25,40.35025,-74.64268,"No","NONE","241",452358.583635,552532.401367,NA,"DVRPC",0,"Moderate Injury",8002900
7429394,"20081111166-08113804","166-08113804",2008,"MERCER","Trenton City","6/14/2008 0:00","Saturday","June","12/31/1899 21:15","","TRENTON","EAST PRECINCT",0,0,1,0,0,"Injury","At Intersection","No","No","Pedalcyclist",1,"MERCER COUNTY 606","NULL",606,"","11000606",1.47,"County","Straight and Level","Blacktop","Wet","Dark (Street Lights On/ continuous)","Rain","Painted Median","None",NA,"At","NULL","CR 622","NULL","","NULL",25,25,40.21976,-74.73259,"No","","***",427177.123246,505052.277287,NA,"DVRPC",0,"Pain",8115274
7429747,"2.00811112070814E+018","20708140935",2008,"MERCER","Trenton City","7/25/2008 0:00","Friday","July","12/31/1899 18:08","1","TRENTON P.D","PATROL",0,0,1,0,0,"Injury","Not At Intersection","No","No","Pedalcyclist",1,"S CLINTON AVE","NULL",NA,"","11031969",3.43,"Municipal","Straight and Level","Blacktop","Dry","Daylight","Clear","Curbed Median","Construction Zone",250,"Foot","South","RAUL WAILENBERG","NULL","","NULL",25,NA,40.21723,-74.75471,"No","","341",420997.36923,504147.62035,NA,"DVRPC",0,"Moderate Injury",8162724
7427779,"20081111001-07000073","001-07000073",2008,"MERCER","Trenton City","1/1/2008 0:00","Tuesday","January","12/31/1899 1:57","1","CITY OF TRENTON","PATROL/EAST",0,0,1,0,0,"Injury","At Intersection","No","No","Pedalcyclist",1,"MERCER COUNTY 606","NULL",606,"","11000606",0.67,"County","Straight and Level","Blacktop","Wet","Dark (No Street Lights)","Clear","None","None",NA,"At","NULL","HANFORD PL","NULL","","NULL",25,NA,40.21598,-74.74699,"No","NONE","***",423146.24,503684.43,NA,"DVRPC",0,"Pain",8008771
7430103,"20081111260-08176340","260-08176340",2008,"MERCER","Trenton City","9/16/2008 0:00","Tuesday","September","12/31/1899 18:18","","TRENTON PD","TRENTON",0,0,1,0,0,"Injury","Not At Intersection","No","No","Pedalcyclist",1,"MARKET STREET","NULL",NA,"","11111526",0.66,"Municipal","Straight and Level","Blacktop","Dry","Daylight","Clear","Painted Median","None",60,"Foot","East","SOUTH BROAD STREET","NULL","","NULL",25,25,40.21791,-74.75753,"No","","652",420209.64,504397.92,NA,"DVRPC",0,"Moderate Injury",8201166
7429213,"20081111148-08101796","148-08101796",2008,"MERCER","Trenton City","5/27/2008 0:00","Tuesday","May","12/31/1899 8:25","","TRENTON","EAST",0,0,1,0,0,"Injury","At Intersection","No","No","Pedalcyclist",1,"NJ 33","NULL",33,"","33",0.11,"State Highway","Straight and Level","Blacktop","Wet","Daylight","Rain","None","None",NA,"At","NULL","CR 626","NULL","","NULL",25,25,40.21751,-74.75574,"No","","178",420709.950202,504250.073676,NA,"DVRPC",0,"Pain",8153247
7429901,"20081111229-08155391","229-08155391",2008,"MERCER","Trenton City","8/16/2008 0:00","Saturday","August","12/31/1899 0:50","1","TRENTON","SOUTH PATROL",0,0,1,0,0,"Injury","Not At Intersection","Yes","No","Pedalcyclist",1,"US 206","South",206,"","206",44.5,"State Highway","Straight and Level","Blacktop","Dry","Dark (Street Lights On/ continuous)","Clear","Painted Median","None",50,"Foot","South","FURMAN STREET","NULL","","NULL",25,25,40.23954,-74.7493,"No","","635",422529.874911,512268.316177,NA,"DVRPC",0,"Pain",8164177
7429996,"20081111246-08167197","246-08167197",2008,"MERCER","Trenton City","9/2/2008 0:00","Tuesday","September","12/31/1899 20:09","1","TRENTON","PATROL/SOUTH",0,0,1,0,0,"Injury","At Intersection","No","No","Pedalcyclist",1,"SECOND ST","North",NA,"","11111529",0.58,"Municipal","Straight and Level","Blacktop","Dry","Dark (Street Lights On/ continuous)","Clear","None","None",NA,"At","NULL","SCHENCK STREET","NULL","","NULL",25,25,40.2043,-74.75666,"No","","***",420440.096411,499436.74366,NA,"DVRPC",0,"Moderate Injury",8199924
7429384,"2.00811111650811E+018","16508113033",2008,"MERCER","Trenton City","6/12/2008 0:00","Thursday","June","12/31/1899 17:35","1","TRENTON","EAST",0,0,1,0,0,"Injury","At Intersection","No","No","Pedalcyclist",1,"CHESTNUT AVE","North",NA,"","11111537",0.79,"Municipal","Straight and Level","Blacktop","Dry","Daylight","Clear","None","None",NA,"At","NULL","ROEBLING AVENUE","NULL","","NULL",25,25,40.21086,-74.7464,"No","","***",423309.916144,501818.236002,NA,"DVRPC",0,"Pain",8154646
7428341,"2.00811110630804E+018","6308043873",2008,"MERCER","Trenton City","3/3/2008 0:00","Monday","March","12/31/1899 14:10","1","TRENTON","PATROL SOUTH",0,0,1,0,1,"Injury","At Intersection","No","No","Pedalcyclist",1,"S CLINTON AVE","NULL",NA,"","11031969",3.55,"Municipal","Straight and Level","Blacktop","Dry","Daylight","Clear","None","None",NA,"At","NULL","ROEBLING MARKET ENTRANCE","NULL","","NULL",25,5,40.21895,-74.75502,"No","V-1 WAS ISSUED SUMMONS QQ942601 CARELESS DRIVING 39:4-97","517",420912.92867,504774.902029,NA,"DVRPC",1,"Pain",8037854
7430425,"20081111315-08-205025","315-08-205025",2008,"MERCER","Trenton City","11/10/2008 0:00","Monday","November","12/31/1899 10:00","1","TRENTON","PATROL",0,0,1,0,0,"Injury","At Intersection","No","No","Pedalcyclist",1,"S CLINTON AVE","NULL",NA,"","11031969",3.41,"Municipal","Straight and Level","Blacktop","Dry","Daylight","Clear","None","None",NA,"At","NULL","NJ 33","NULL","","NULL",25,25,40.21694,-74.75465,"No","","628",421013.9335,504042.620451,NA,"DVRPC",0,"Pain",8244142
7430291,"20081111294-08197252","294-08197252",2008,"MERCER","Trenton City","10/20/2008 0:00","Monday","October","","1","TRENTON","SOUTH PATROL",0,0,1,0,0,"Injury","At Intersection","No","No","Pedalcyclist",1,"CASS ST","West",NA,"","11111527",0.26,"Municipal","Straight and Level","Blacktop","Dry","Daylight","Clear","Painted Median","None",NA,"At","NULL","THIRD STREET","NULL","","NULL",25,25,40.20575,-74.75599,"No","","***",420626.231303,499965.965751,NA,"DVRPC",0,"Moderate Injury",8225505
7430383,"20081111311-08204735","311-08204735",2008,"MERCER","Trenton City","11/6/2008 0:00","Thursday","November","12/31/1899 10:35","1","CITY OF TRENTON","PATROL 136",0,0,1,0,0,"Injury","At Intersection","No","No","Pedalcyclist",1,"MERCER COUNTY 653","NULL",653,"","11000653",0,"County","Straight and Level","Blacktop","Wet","Daylight","Rain","None","None",NA,"At","NULL","WEST STATE STREET","NULL","","NULL",25,NA,40.2224,-74.77485,"No","","***",415379.69,506046.67,NA,"DVRPC",0,"Pain",8242275
7430176,"20081111272-08183949","272-08183949",2008,"MERCER","Trenton City","9/27/2008 0:00","Saturday","September","12/31/1899 19:00","1","TRENTON","SOUTH",0,0,1,0,0,"Injury","At Intersection","No","No","Pedalcyclist",1,"LIVINGSTON STREET","NULL",NA,"","11111331",0,"Municipal","Straight and Grade","Concrete","Dry","Dark (Street LIghts On/ spot)","Clear","None","Maintenance Zone",NA,"At","NULL","US 206","NULL","","NULL",25,NA,40.21694,-74.76327,"No","","***",418607.52,504047.97,NA,"DVRPC",0,"Pain",8207643
7720597,"2009110109-10046","09-10046",2009,"MERCER","East Windsor Township","7/22/2009 0:00","Wednesday","July","12/31/1899 19:01","1","EAST WINDSOR TWP PD","PATROL",0,0,1,0,0,"Injury","Not At Intersection","No","No","Pedalcyclist",1,"NJ 33","East",33,"","33",15.16,"State Highway","Straight and Level","Blacktop","Dry","Dusk","Clear","None","None",25,"Foot","East","WOODSIDE AVE","NULL","","NULL",55,25,40.26893,-74.50854,"No","","61",489741.220983,522878.555595,NA,"DVRPC",0,"Pain",9170508
7720667,"2009110109-11699","09-11699",2009,"MERCER","East Windsor Township","8/26/2009 0:00","Wednesday","August","12/31/1899 14:42","1","EAST WINDSOR TWP PD","TRAFFIC BUREAU",0,0,1,0,0,"Injury","At Intersection","No","No","Pedalcyclist",1,"US 130","South",130,"","130",69.79,"State Highway","Straight and Level","Blacktop","Dry","Daylight","Clear","Grass Median","None",NA,"At","NULL","OLD CRANBERRY RD","NULL","","NULL",45,40,40.28646,-74.52545,"No","","72",485023.96685,529262.682001,NA,"DVRPC",0,"Pain",9185587
7720881,"2009110109-16886","09-16886",2009,"MERCER","East Windsor Township","12/9/2009 0:00","Wednesday","December","12/31/1899 15:44","1","EAST WINDSOR TWP PD","TRAFFIC SAFETY",0,0,1,0,0,"Injury","Not At Intersection","No","No","Pedalcyclist",1,"PROBASCO ROAD","South",NA,"","11011148",0.15,"Municipal","Straight and Level","Blacktop","Dry","Daylight","Clear","None","None",100,"Foot","North","DANBURY COURT","NULL","","NULL",40,25,40.27447,-74.49283,"No","","563",494124.931288,524896.148233,NA,"DVRPC",0,"Moderate Injury",9286904
7721001,"2009110109-3092","Sep-92",2009,"MERCER","East Windsor Township","3/7/2009 0:00","Saturday","March","12/31/1899 0:04","1","EAST WINDSOR TWP PD","PATROL",0,0,1,0,0,"Injury","At Intersection","No","No","Pedalcyclist",1,"NJ 33","East",33,"","33",15.52,"State Highway","Straight and Level","Blacktop","Dry","Dark (Street Lights On/ continuous)","Clear","Grass Median","None",NA,"At","NULL","MILFORD ROAD","NULL","","NULL",55,50,40.26895,-74.50231,"No","","61",491479.85,522884.64,NA,"DVRPC",0,"Pain",9044266
7721989,"20091102I-2009-015171","I-2009-015171",2009,"MERCER","Ewing Township","5/26/2009 0:00","Tuesday","May","12/31/1899 16:08","1","EWING TWP PD","P2-A",0,0,1,0,0,"Injury","Not At Intersection","No","No","Pedalcyclist",1,"NJ 31","NULL",31,"","31",2.45,"State Highway","Straight and Level","Blacktop","Wet","Daylight","Rain","None","None",80,"Foot","North","SOMERSET STREET","NULL","","NULL",40,35,40.25848,-74.7795,"No","","105",414122.354652,519193.200958,NA,"DVRPC",0,"Pain",9100085
7722230,"20091102I-2009-025194","I-2009-025194",2009,"MERCER","Ewing Township","9/5/2009 0:00","Saturday","September","12/31/1899 13:54","1","EWING TWP PD","P2-A",0,0,1,0,0,"Injury","Not At Intersection","No","No","Pedalcyclist",1,"MERCER COUNTY 622","NULL",622,"","11000622",4.95,"County","Straight and Level","Blacktop","Dry","Daylight","Clear","None","None",75,"Foot","West","CR 627","NULL","","NULL",40,25,40.24645,-74.76548,"No","","105",418022.476253,514800.663924,NA,"DVRPC",0,"Moderate Injury",9200000
7723321,"2009110309-23528","09-23528",2009,"MERCER","Hamilton Twp (Mercer Co)","5/28/2009 0:00","Thursday","May","12/31/1899 17:01","1","HAMILTON TWP PD (MERCER)","",0,0,1,0,0,"Injury","Not At Intersection","No","No","Pedalcyclist",1,"ROUTE 524","NULL",524,"","524",1.64,"County","Straight and Level","Concrete","Wet","Daylight","Rain","None","None",50,"Foot","East","OAK LA","NULL","","NULL",35,NA,40.18247,-74.67611,"No","","427",442919.899141,491431.231431,NA,"DVRPC",0,"Pain",9102933
7723374,"2009110309-24602","09-24602",2009,"MERCER","Hamilton Twp (Mercer Co)","6/4/2009 0:00","Thursday","June","12/31/1899 0:03","1","HAMILTON TWP PD (MERCER)","",0,0,1,0,0,"Injury","At Intersection","No","No","Pedalcyclist",1,"ROUTE 533","NULL",533,"","533",5.56,"County","Straight and Level","Blacktop","Wet","Dark (Street Lights On/ continuous)","Rain","None","None",NA,"At","NULL","YOUNGS RD","NULL","","NULL",40,25,40.26384,-74.67496,"No","","304",443300.28,521070.73,NA,"DVRPC",0,"Pain",9106205
7723330,"2009110309-23699","09-23699",2009,"MERCER","Hamilton Twp (Mercer Co)","5/29/2009 0:00","Friday","May","12/31/1899 16:28","1","HAMILTON TWP PD (MERCER)","",0,0,1,0,0,"Injury","At Intersection","No","No","Pedalcyclist",1,"NJ 33","NULL",33,"","33",4.38,"State Highway","Straight and Level","Blacktop","Dry","Daylight","Overcast","None","None",NA,"At","NULL","WESTON AVE","NULL","","NULL",40,25,40.23209,-74.6816,"No","DAMAGE TO BICYCLE","364",441423.85013,509510.798095,NA,"DVRPC",0,"Moderate Injury",9106906
7724237,"2009110309-43255","09-43255",2009,"MERCER","Hamilton Twp (Mercer Co)","9/26/2009 0:00","Saturday","September","12/31/1899 12:34","1","HAMILTON TWP PD (MERCER)","",0,0,1,0,0,"Injury","At Intersection","No","No","Pedalcyclist",1,"ROUTE 535","East",535,"","535",3.51,"County","Straight and Level","Blacktop","Dry","Daylight","Clear","None","None",NA,"At","NULL","STEINER AVE","NULL","","NULL",35,25,40.23712,-74.6865,"No","","322",439948.756738,511295.037301,NA,"DVRPC",0,"Pain",9222149
7724537,"2009110309-48527","09-48527",2009,"MERCER","Hamilton Twp (Mercer Co)","10/31/2009 0:00","Saturday","October","12/31/1899 14:24","1","HAMILTON TWP PD (MERCER)","",0,0,1,0,0,"Injury","Not At Intersection","No","No","Pedalcyclist",1,"ROUTE 524","North",524,"","524",1.94,"County","Straight and Level","Blacktop","Dry","Daylight","Overcast","None","None",150,"Foot","North","CR 609/CR 672/S BROAD ST/YARDVILLE-","NULL","","NULL",35,35,40.17963,-74.67194,"No","TWO BICYCLES OWNED BY UNKNOWN FRIENDS OF B1 & B2","418",444084.344127,490393.742981,NA,"DVRPC",1,"Pain",9247884
7723279,"2009110309-22452","09-22452",2009,"MERCER","Hamilton Twp (Mercer Co)","5/22/2009 0:00","Friday","May","12/31/1899 12:59","1","HAMILTON TWP PD (MERCER)","",0,0,1,0,0,"Injury","Not At Intersection","No","No","Pedalcyclist",1,"MERCER COUNTY 672","West",672,"","11000672",0.93,"County","Straight and Level","Blacktop","Dry","Daylight","Clear","None","None",300,"Foot","East","TEA ROSE LANE","NULL","","NULL",40,25,40.16587,-74.65714,"No","BICYCLE","302",448208.904976,485374.580029,NA,"DVRPC",0,"Moderate Injury",9101806