"ID","DOT_WEB_ID","CASE_NUMBER","CRASH_YEAR","COUNTY","MUNICIPALITY","CRASH_DATE","CRASH_DAY_OF_WEEK","CRASH_MONTH","CRASH_TIME","POLICE_DEPT_CODE","POLICE_DEPARTMENT","POLICE_STATION","TOTAL_KILLED","TOTAL_INCAPACITATED","TOTAL_INJURED","PEDESTRIANS_KILLED","PEDESTRIANS_INJURED","SEVERITY","INTERSECTION","ALCOHOL_INVOLVED","HAZMAT_INVOLVED","CRASH_TYPE","TOTAL_VEHICLES_INVOLVED","CRASH_LOCATION","LOCATION_DIRECTION","ROUTE","ROUTE_SUFFIX","SRI","MILEPOST","ROAD_SYSTEM","ROAD_CHARACTER","ROAD_SURFACE_TYPE","SURFACE_CONDITION","LIGHT_CONDITION","ENVIRONMENTAL_CONDITION","ROAD_DIVIDED_BY","TEMP_TRAFFIC_CONTROL_ZONE","DISTANCE_TO_CROSS_STREET","UNIT_OF_MEASUREMENT","DIRECTION_FROM_CROSS_STREET","CROSS_STREET_NAME","IS_RAMP","RAMP_TO_FROM_ROUTE_NAME","RAMP_TO_FROM_ROUTE_DIRECTION","POSTED_SPEED","POSTED_SPEED_CROSS_STREET","LATITUDE","LONGITUDE","CELL_PHONE_IN_USE","OTHER_PROPERTY_DAMAGE","REPORTING_BADGE_NO","X","Y","CRASH_NARRATIVE","MPO","TOTAL_PEDESTRIANS_INVOLVED","EPDO","DLN"
7723652,"2009110309-29492","09-29492",2009,"MERCER","Hamilton Twp (Mercer Co)","7/4/2009 0:00","Saturday","July","12/31/1899 8:55","1","HAMILTON TWP PD (MERCER)","",0,0,1,0,0,"Injury","Not At Intersection","No","No","Pedalcyclist",1,"ROUTE 524","NULL",524,"","524",1.91,"County","Straight and Level","Blacktop","Dry","Daylight","Clear","None","None",5,"Foot","East","CR 609/CR 672/S BROAD ST/YARDVILLE-","NULL","","NULL",25,40,40.17982,-74.67244,"No","","388",443943.66,490463.35,NA,"DVRPC",0,"Moderate Injury",9132591
7723877,"2009110309-3515","Sep-15",2009,"MERCER","Hamilton Twp (Mercer Co)","1/24/2009 0:00","Saturday","January","12/31/1899 12:47","1","HAMILTON TWP PD (MERCER)","",0,0,1,0,0,"Injury","At Intersection","No","No","Pedalcyclist",1,"NJ 33","South",33,"","33",1.8,"State Highway","Straight and Level","Blacktop","Dry","Daylight","Clear","None","None",NA,"At","NULL","JOHNSTON AVE","NULL","","NULL",30,25,40.22832,-74.72815,"No","","384",428425.377682,508167.391672,NA,"DVRPC",0,"Pain",9009582
7726247,"20091106HT2009-014745","HT2009-014745",2009,"MERCER","Hopewell Twp (Mercer Co)","6/30/2009 0:00","Tuesday","June","12/31/1899 12:44","1","HOPEWELL TWP PD","53",0,0,1,0,0,"Injury","At Intersection","No","No","Pedalcyclist",1,"ROUTE 579","North",579,"","579",8.16,"County","Straight and Grade","Blacktop","Dry","Daylight","Clear","None","None",NA,"At","NULL","WOOSAMONSA RD","NULL","","NULL",45,25,40.34223,-74.85115,"No","","16",394248.28,549772.89,NA,"DVRPC",0,"Moderate Injury",9137015
7726139,"20091106HT2009-009569","HT2009-009569",2009,"MERCER","Hopewell Twp (Mercer Co)","4/27/2009 0:00","Monday","April","12/31/1899 20:05","1","HOPEWELL TWP PD","51 NORTH",0,0,1,0,0,"Injury","At Intersection","No","No","Pedalcyclist",1,"MERCER COUNTY 640","East",640,"","11000640",0,"County","Curve and Grade","Blacktop","Dry","Dark (Street LIghts On/ spot)","Clear","None","None",NA,"At","NULL","PENNINGTON ROAD","NULL","","NULL",25,40,40.30864,-74.7864,"No","","40",412254.32,537470.99,NA,"DVRPC",0,"Pain",9083764
7726127,"20091106HT2009-008942","HT2009-008942",2009,"MERCER","Hopewell Twp (Mercer Co)","4/20/2009 0:00","Monday","April","12/31/1899 6:02","1","HOPEWELL TWP PD","51",0,0,1,0,0,"Injury","Not At Intersection","No","No","Pedalcyclist",1,"MERCER COUNTY 624","East",624,"","11000624",1.08,"County","Straight and Level","Blacktop","Dry","Dawn","Clear","None","None",150,"Foot","West","OLD MILL RD","NULL","","NULL",45,25,40.33601,-74.77207,"No","","31",416283.17,547430.18,NA,"DVRPC",0,"Moderate Injury",9080594
7727697,"2009110709-6352-AC","09-6352-AC",2009,"MERCER","Lawrence Twp (Mercer Co)","2/11/2009 0:00","Wednesday","February","12/31/1899 8:00","1","LAWRENCE TWP PD","",0,0,1,0,0,"Injury","At Intersection","No","No","Pedalcyclist",1,"ROUTE 546","West",546,"","546",8.38,"County","Straight and Level","Blacktop","Wet","Daylight","Clear","None","None",NA,"At","South","FRANKLIN RD / LEWISVILLE RD","NULL","","NULL",45,25,40.28866,-74.72932,"No","","192",428154.02,530145.65,NA,"DVRPC",0,"Moderate Injury",9022971
7726780,"2009110709-16528-AC","09-16528-AC",2009,"MERCER","Lawrence Twp (Mercer Co)","4/18/2009 0:00","Saturday","April","12/31/1899 13:55","1","LAWRENCE TWP PD","",0,0,1,0,0,"Injury","Not At Intersection","No","No","Pedalcyclist",1,"ROUTE 533","West",533,"","533",6.71,"County","Straight and Level","Blacktop","Dry","Daylight","Clear","None","NULL",500,"Foot","West","CR 608 / LAWRENCE STA. RD","NULL","","NULL",45,45,40.27938,-74.67082,"No","","185",444467.897663,526729.815021,NA,"DVRPC",0,"Moderate Injury",9081569
7726949,"2009110709-24467-AC","09-24467-AC",2009,"MERCER","Lawrence Twp (Mercer Co)","6/14/2009 0:00","Sunday","June","12/31/1899 11:45","1","LAWRENCE TWP PD","",0,0,1,0,0,"Injury","Not At Intersection","No","No","Pedalcyclist",1,"ROUTE 583","NULL",583,"","583",1.68,"Municipal","Curve and Level","Blacktop","Dry","Daylight","Clear","Painted Median","None",40,"Foot","North","IRWIN PL","NULL","","NULL",25,25,40.25734,-74.73612,"No","","220",426226.649371,518741.326596,NA,"DVRPC",0,"Pain",9124978
7728198,"200911092009-009955","2009-009955",2009,"MERCER","Princeton Borough","6/16/2009 0:00","Tuesday","June","12/31/1899 10:01","1","PRINCETON BORO PD","",0,0,1,0,0,"Injury","Not At Intersection","No","No","Pedalcyclist",1,"WITHERSPOON ST","NULL",NA,"","11091241",0.21,"Municipal","Straight and Level","Blacktop","Dry","Daylight","Clear","None","None",5,"Foot","South","GREEN STREET","NULL","","NULL",25,25,40.35254,-74.661,"No","","124",447255.78,553373.14,NA,"DVRPC",0,"Moderate Injury",9120153
7728070,"2009110909-13389","09-13389",2009,"MERCER","Princeton Borough","8/20/2009 0:00","Thursday","August","12/31/1899 22:12","1","PRINCETON BORO PD","",0,0,1,0,0,"Injury","At Intersection","Yes","No","Pedalcyclist",1,"NJ 27","NULL",27,"","27",1.07,"State Highway","Straight and Level","Blacktop","Dry","Dark (Street Lights On/ continuous)","Clear","None","None",NA,"At","NULL","HARRISON ST","NULL","","NULL",30,25,40.35398,-74.6454,"No","","136",451603.324749,553892.411015,NA,"DVRPC",0,"Moderate Injury",9185939
7728068,"2009110909-12869","09-12869",2009,"MERCER","Princeton Borough","8/11/2009 0:00","Tuesday","August","12/31/1899 20:09","1","PRINCETON BORO PD","",0,0,1,0,0,"Injury","At Intersection","No","No","Pedalcyclist",1,"PROSPECT AVE","NULL",NA,"","11091240",0.42,"Municipal","Straight and Level","Blacktop","Wet","Dark (Street Lights On/ continuous)","Rain","None","None",NA,"At","NULL","FITZRANDOLPH ROAD","NULL","","NULL",25,25,40.34984,-74.64753,"No","","136",451005.818507,552384.206644,NA,"DVRPC",0,"Moderate Injury",9175409
7728077,"2009110909-14837","09-14837",2009,"MERCER","Princeton Borough","9/14/2009 0:00","Monday","September","12/31/1899 16:22","1","PRINCETON BORO PD","",0,0,1,0,0,"Injury","Not At Intersection","No","No","Pedalcyclist",1,"WITHERSPOON ST","NULL",NA,"","11091241",0.21,"Municipal","Straight and Grade","Blacktop","Dry","Daylight","Clear","None","None",5,"Foot","South","GREEN ST.","NULL","","NULL",25,25,40.35254,-74.661,"No","","98",447255.78,553373.14,NA,"DVRPC",0,"Moderate Injury",9204105
7728631,"2009111009-17151","09-17151",2009,"MERCER","Princeton Township","10/13/2009 0:00","Tuesday","October","12/31/1899 19:04","1","PRINCETON TWP PD","",0,0,1,0,0,"Injury","Not At Intersection","No","No","Pedalcyclist",1,"ROUTE 571","NULL",571,"","571",43.6,"County","Straight and Grade","Blacktop","Dry","Dark (Street Lights Off)","Clear","None","None",500,"Foot","North","FACULTY RD.","NULL","","NULL",25,25,40.34471,-74.65265,"No","","95",449575.99733,550516.53201,NA,"DVRPC",0,"Moderate Injury",9247658
7728701,"2009111009-20026","09-20026",2009,"MERCER","Princeton Township","12/2/2009 0:00","Wednesday","December","12/31/1899 16:25","1","PRINCETON TWP PD","",0,0,1,0,0,"Injury","At Intersection","No","No","Pedalcyclist",1,"US 206","NULL",206,"","206",55.45,"State Highway","Straight and Grade","Blacktop","Wet","Dusk","Rain","None","None",NA,"At","NULL","JEFFERSON ROAD","NULL","","NULL",35,25,40.36757,-74.66372,"No","","85",446506.208176,558851.712748,NA,"DVRPC",0,"Pain",9276885
7729627,"2009111109-24976","09-24976",2009,"MERCER","Trenton City","6/6/2009 0:00","Saturday","June","12/31/1899 10:47","1","HAMILTON TWP PD (MERCER)","",0,0,1,0,0,"Injury","At Intersection","No","No","Pedalcyclist",1,"MERCER COUNTY 606","North",606,"","11000606",1.67,"County","Straight and Level","Blacktop","Dry","Daylight","Clear","None","None",NA,"At","NULL","NEWKIRK AVE.","NULL","","NULL",25,25,40.22072,-74.729,"No","","445",428180.109156,505398.564615,NA,"DVRPC",0,"Pain",9109801
7731238,"2009111109017950","9017952",2009,"MERCER","Trenton City","10/6/2009 0:00","Tuesday","October","12/31/1899 5:59","1","TRENTON PD","EAST",0,0,1,0,0,"Injury","At Intersection","No","No","Pedalcyclist",1,"S CLINTON AVE","North",NA,"","11031969",2.25,"Municipal","Straight and Level","Blacktop","Dry","Dark (Street Lights On/ continuous)","Clear","None","None",NA,"At","NULL","LIBERTY ST","NULL","","NULL",25,25,40.20522,-74.74149,"No","","123",424686.74,499757.87,NA,"DVRPC",0,"Pain",9229052
7731625,"2009111109020490","9020491",2009,"MERCER","Trenton City","11/17/2009 0:00","Tuesday","November","12/31/1899 10:58","1","TRENTON PD","EAST",0,0,1,0,0,"Injury","Not At Intersection","No","No","Pedalcyclist",1,"QUINTIN AVE","NULL",NA,"","11111539",0.16,"Municipal","NULL","NULL","NULL","NULL","NULL","NULL","NULL",NA,"NULL","NULL","CULBERTSON AVE","NULL","","NULL",25,25,40.21982,-74.73982,"No","","517",425148.684782,505073.632828,NA,"DVRPC",0,"Pain",9260207
7732342,"200911122009-005058","2009-005058",2009,"MERCER","Washington Twp  (Mercer Co)","3/6/2009 0:00","Friday","March","12/31/1899 16:42","1","ROBBINSVILLE TWP PD","",0,0,1,0,0,"Injury","At Intersection","No","No","Pedalcyclist",1,"PERRINEVILLE RD","South",NA,"","11121043",2.14,"Municipal","Straight and Level","Blacktop","Dry","Daylight","Clear","None","None",NA,"At","South","ALLENS ROAD","NULL","","NULL",45,50,40.23237,-74.54033,"No","","38",480864.208519,509562.22009,NA,"DVRPC",0,"Moderate Injury",9045947
7733815,"200911132009-22536","2009-22536",2009,"MERCER","West Windsor Township","8/20/2009 0:00","Thursday","August","12/31/1899 15:04","1","WEST WINDSOR TWP PD","2009-22536",0,0,1,0,0,"Injury","Not At Intersection","No","No","Pedalcyclist",1,"ALEXANDER RD","East",NA,"","11131419",0,"Municipal","Curve and Level","Blacktop","Dry","Daylight","Clear","Curbed Median","None",10,"Foot","West","NORTH POST ROAD","NULL","","NULL",30,35,40.31184,-74.62831,"No","","427",456343.48,538532.33,NA,"DVRPC",0,"Moderate Injury",9178453
7733724,"200911132009-18763","2009-18763",2009,"MERCER","West Windsor Township","7/12/2009 0:00","Sunday","July","12/31/1899 8:15","1","WEST WINDSOR TWP PD","2009-18763",0,0,1,0,0,"Injury","Not At Intersection","No","No","Pedalcyclist",1,"MERCER COUNTY 629","East",629,"","11000629",1.11,"County","Straight and Level","Blacktop","Wet","Daylight","Overcast","None","None",100,"Foot","West","US 1","NULL","","NULL",35,55,40.3375,-74.63129,"No","","587",455526.732206,547883.637815,NA,"DVRPC",0,"Pain",9143726
7733857,"200911132009-24291","2009-24291",2009,"MERCER","West Windsor Township","9/7/2009 0:00","Monday","September","12/31/1899 17:30","1","WEST WINDSOR TWP PD","2009-24291",0,0,1,0,0,"Injury","At Intersection","No","No","Pedalcyclist",1,"ALEXANDER RD","West",NA,"","11131419",0.14,"Municipal","Straight and Level","Blacktop","Dry","Daylight","Clear","None","None",NA,"At","NULL","BEARBROOK ROAD","NULL","","NULL",30,35,40.31315,-74.62638,"No","","576",456883.125002,539008.442002,NA,"DVRPC",0,"Moderate Injury",9193161
7733909,"200911132009-26790","2009-26790",2009,"MERCER","West Windsor Township","9/30/2009 0:00","Wednesday","September","12/31/1899 18:27","1","WEST WINDSOR TWP PD","2009-26790",0,0,1,0,0,"Injury","At Intersection","No","No","Pedalcyclist",1,"MERCER COUNTY 638","South",638,"","11000638",2.56,"County","Straight and Level","Blacktop","Dry","Daylight","Clear","None","None",NA,"At","NULL","EVERETT DRIVE (NORTHERN INTERSECT)","NULL","","NULL",45,50,40.3038,-74.63399,"No","","580",451220.855945,532893.356006,NA,"DVRPC",0,"Pain",9217521
3439456,"2010110110-2460","Oct-60",2010,"MERCER","East Windsor Township","2/27/2010 0:00","Saturday","February","12/31/1899 14:02","1","EAST WINDSOR TWP PD","TRAFFIC BUREAU",0,0,1,0,0,"Injury","Not At Intersection","Yes","No","Pedalcyclist",1,"NJ 33","East",33,"","33",13.22,"State Highway","Straight and Level","Blacktop","Dry","Daylight","Clear","None","None",1000,"Foot","East","AIRPORT RD","NULL","","NULL",45,45,40.26176,-74.53948,"No","","72",481106.711222,520266.1432,NA,"DVRPC",0,"Moderate Injury",10041232
3440151,"20101102I-2010-003881","I-2010-003881",2010,"MERCER","Ewing Township","2/7/2010 0:00","Sunday","February","12/31/1899 16:09","1","EWING TWP PD","P2-A",0,1,1,0,0,"Injury","Not At Intersection","No","No","Pedalcyclist",1,"MERCER COUNTY 622","West",622,"","11000622",4.12,"County","Straight and Level","Blacktop","Wet","Daylight","Clear","None","None",75,"Foot","West","PRINCETON AVE","NULL","","NULL",40,25,40.24033,-74.75227,"No","","105",421703.52,512557.42,NA,"DVRPC",0,"Incapacitating Injury",10033690
3440691,"20101102I-2010-023797","I-2010-023797",2010,"MERCER","Ewing Township","8/19/2010 0:00","Thursday","August","12/31/1899 7:18","1","EWING TWP PD","PLATOON 1",0,0,1,0,0,"Injury","At Intersection","No","No","Pedalcyclist",1,"NJ 175","NULL",175,"","175",1.15,"State Highway","Straight and Level","Blacktop","Dry","Daylight","Clear","None","None",NA,"At","NULL","COUNTRY LN","NULL","","NULL",45,25,40.24658,-74.83251,"No","","115",399311.440656,514909.212916,NA,"DVRPC",0,"Moderate Injury",10183271
3441156,"2010110310-10147","10-10147",2010,"MERCER","Hamilton Twp (Mercer Co)","3/11/2010 0:00","Thursday","March","12/31/1899 17:18","1","HAMILTON TWP PD (MERCER)","",0,0,1,0,0,"Injury","Not At Intersection","No","No","Pedalcyclist",1,"NJ 33","East",33,"","33",5.5,"State Highway","Straight and Level","Blacktop","Dry","Daylight","Clear","Painted Median","None",10,"Foot","East","YARDVILLE-HAMILTON SQUARE RD","NULL","","NULL",35,35,40.22715,-74.66138,"No","","384",447065.43,507699.495,NA,"DVRPC",0,"Moderate Injury",10049551
3442243,"2010110310-33258","10-33258",2010,"MERCER","Hamilton Twp (Mercer Co)","8/9/2010 0:00","Monday","August","12/31/1899 8:40","1","HAMILTON TWP PD (MERCER)","",0,0,1,0,0,"Injury","At Intersection","No","No","Pedalcyclist",1,"KLOCKNER RD","NULL",NA,"","11031976",3.42,"Municipal","Straight and Level","Blacktop","Dry","Daylight","Clear","None","None",NA,"At","NULL","WHATLEY RD","NULL","","NULL",35,25,40.22174,-74.67965,"No","","302",441961.213949,505739.268219,NA,"DVRPC",0,"Pain",10172877
3442401,"2010110310-36943","10-36943",2010,"MERCER","Hamilton Twp (Mercer Co)","9/2/2010 0:00","Thursday","September","12/31/1899 14:10","1","HAMILTON TWP PD (MERCER)","",0,0,1,0,0,"Injury","Not At Intersection","No","No","Pedalcyclist",1,"LIBERTY ST","NULL",NA,"","11112004",0.88,"Municipal","Straight and Level","Blacktop","Dry","Daylight","Clear","None","None",50,"Foot","North","CHAMBERS ST.","NULL","","NULL",25,25,40.20974,-74.73739,"No","BIKE HANDLEBARS.","302",425826.786826,501405.742613,NA,"DVRPC",0,"Pain",10197048
3442228,"2010110310-32931","10-32931",2010,"MERCER","Hamilton Twp (Mercer Co)","8/6/2010 0:00","Friday","August","12/31/1899 17:37","1","HAMILTON TWP PD (MERCER)","",0,0,1,0,0,"Injury","Not At Intersection","No","No","Pedalcyclist",1,"ROUTE 533","NULL",533,"","533",3.36,"County","Straight and Level","Blacktop","Dry","Daylight","Clear","None","None",300,"Foot","North","NJ 33","NULL","","NULL",35,40,40.23441,-74.68764,"No","","364",439739.15,510359.1,NA,"DVRPC",0,"Moderate Injury",10173853
3442088,"2010110310-29879","10-29879",2010,"MERCER","Hamilton Twp (Mercer Co)","7/17/2010 0:00","Saturday","July","12/31/1899 19:03","1","HAMILTON TWP PD (MERCER)","",0,0,1,0,0,"Injury","At Intersection","No","No","Pedalcyclist",1,"INDEPENDENCE AVE","NULL",NA,"","11031981",0.28,"Municipal","Straight and Level","Blacktop","Dry","Daylight","Clear","None","None",NA,"At","NULL","WEDGE AVE","NULL","","NULL",25,25,40.19103,-74.72234,"No","","965",430011.482005,494579.023997,NA,"DVRPC",0,"Moderate Injury",10152656
3446004,"2010110710-49223-AC","10-49223-AC",2010,"MERCER","Lawrence Twp (Mercer Co)","12/19/2010 0:00","Sunday","December","12/31/1899 11:10","1","LAWRENCE TWP PD","",0,0,1,0,0,"Injury","Not At Intersection","No","No","Pedalcyclist",1,"US 206","NULL",206,"","206",48.99,"State Highway","Straight and Level","Blacktop","Dry","Daylight","Clear","None","None",200,"Foot","North","GORDON AVE","NULL","","NULL",25,25,40.29837,-74.72899,"No","","151",428254.621665,533681.943679,NA,"DVRPC",0,"Pain",10299463
3445487,"2010110710-31897-AC","10-31897-AC",2010,"MERCER","Lawrence Twp (Mercer Co)","8/16/2010 0:00","Monday","August","12/31/1899 16:17","1","LAWRENCE TWP PD","",0,0,1,0,0,"Injury","Not At Intersection","No","No","Pedalcyclist",1,"US 206","South",206,"","206",48.05,"State Highway","Straight and Level","Blacktop","Dry","Daylight","Clear","Curbed Median","None",200,"Foot","North","I- 95","NULL","","NULL",40,65,40.28601,-74.73246,"No","","217",427276.455707,529184.578991,NA,"DVRPC",0,"Moderate Injury",10182117
3446515,"2010110910-3004","Oct-04",2010,"MERCER","Princeton Borough","2/23/2010 0:00","Tuesday","February","12/31/1899 17:35","1","PRINCETON BORO PD","",0,0,1,0,0,"Injury","At Intersection","No","No","Pedalcyclist",1,"US 206","NULL",206,"","206",54.17,"State Highway","Straight and Level","Blacktop","Wet","Dark (Street LIghts On/ spot)","Rain","None","None",NA,"At","NULL","HODGE RD / PAUL ROBESON PL","NULL","","NULL",30,25,40.35111,-74.66637,"No","","144",445756.672863,552857.020064,NA,"DVRPC",0,"Pain",10036096
3446687,"201011092010-012643","2010-012643",2010,"MERCER","Princeton Borough","8/13/2010 0:00","Friday","August","12/31/1899 13:38","1","PRINCETON BORO PD","",0,0,1,0,0,"Injury","At Intersection","No","No","Pedalcyclist",1,"ELM RD","NULL",NA,"","11091030",0,"Municipal","Straight and Grade","Blacktop","Dry","Daylight","Clear","None","None",NA,"At","NULL","ROSEDALE ROAD","NULL","","NULL",25,25,40.34854,-74.6764,"No","","144",442959.09,551924.88,NA,"DVRPC",0,"Pain",10183910
3447052,"2010111010-14738","10-14738",2010,"MERCER","Princeton Township","8/28/2010 0:00","Saturday","August","12/31/1899 17:33","1","PRINCETON TWP PD","",0,0,1,0,0,"Injury","At Intersection","No","No","Pedalcyclist",1,"ROUTE 571","NULL",571,"","571",43.31,"County","Straight and Grade","Blacktop","Dry","Daylight","Clear","None","None",NA,"At","NULL","FACULTY RD","NULL","","NULL",40,35,40.34116,-74.64982,"No","","62",450362.87,549224.41,NA,"DVRPC",0,"Pain",10194681
3447275,"2010111010-5741","Oct-41",2010,"MERCER","Princeton Township","3/31/2010 0:00","Wednesday","March","12/31/1899 18:55","1","PRINCETON TWP PD","",0,0,1,0,0,"Injury","Not At Intersection","No","No","Pedalcyclist",1,"HERRONTOWN RD","NULL",NA,"","11101244",0.8,"Municipal","Straight and Grade","Blacktop","Dry","Daylight","Clear","None","None",528,"Foot","West","RIVER ROAD","NULL","","NULL",35,45,40.37682,-74.62136,"No","","99",458313.91,562200,NA,"DVRPC",0,"Pain",10060401
3449535,"2010111110013260","10013269",2010,"MERCER","Trenton City","8/25/2010 0:00","Wednesday","August","12/31/1899 11:12","1","TRENTON PD","PATROL/SOUTH",0,0,1,0,0,"Injury","At Intersection","No","No","Pedalcyclist",1,"US 206","North",206,"","206",42.26,"Municipal","Straight and Level","Blacktop","Dry","Daylight","Overcast","None","None",NA,"At","NULL","FERRY ST","NULL","","NULL",25,25,40.21303,-74.75922,"No","","446",419732.494624,502619.008885,NA,"DVRPC",0,"Pain",10195724
3447470,"2010111110000360","10000363",2010,"MERCER","Trenton City","1/8/2010 0:00","Friday","January","12/31/1899 13:01","1","TRENTON PD","PATROL",0,0,1,0,0,"Injury","Not At Intersection","No","No","Pedalcyclist",1,"MERCER COUNTY 622","South",622,"","11000622",3.84,"County","Straight and Grade","Blacktop","Dry","Daylight","Clear","Painted Median","None",30,"Foot","South","OHIO AVE","NULL","","NULL",25,25,40.23769,-74.7487,"No","","554",422696.742107,511596.101491,NA,"DVRPC",0,"Pain",10004732
3450557,"2010111110019470","10019476",2010,"MERCER","Trenton City","12/24/2010 0:00","Friday","December","12/31/1899 11:30","1","TRENTON PD","NORTH",0,0,1,0,0,"Injury","At Intersection","No","No","Pedalcyclist",1,"SOUTHARD ST","South",NA,"","11111558",0,"Municipal","Straight and Level","Blacktop","Dry","Daylight","Clear","Curbed Median","None",NA,"At","NULL","PERRY ST","NULL","","NULL",25,25,40.22544,-74.75483,"No","","389",420973.36,507136.87,NA,"DVRPC",0,"Pain",10303763
3452340,"201011132010-24135","2010-24135",2010,"MERCER","West Windsor Township","8/22/2010 0:00","Sunday","August","12/31/1899 10:34","1","WEST WINDSOR TWP PD","2010-24135",0,0,1,0,0,"Injury","Not At Intersection","No","No","Pedalcyclist",1,"ALEXANDER RD","West",NA,"","11131424",1.97,"Municipal","Curve and Grade","Blacktop","Wet","Daylight","Overcast","None","None",150,"Foot","East","CANAL ROAD","NULL","","NULL",35,25,40.33194,-74.6527,"No","CRACKED SCHWINN HELMET WORN BY PEDALCYLIST. SCRATCHED TREK 7100 BICYCLE OPERATED","576",449555.48,545867.24,NA,"DVRPC",0,"Moderate Injury",10180610
6812210,"2006110106-9707","Jun-07",2006,"MERCER","East Windsor Township","7/24/2006 0:00","Monday","July","12/31/1899 17:00","","EAST WINDSOR","UNIFORM SERVIC?",0,0,0,0,0,"Property Damage","Not At Intersection","No","No","Pedalcyclist",1,"ROUTE 539","NULL",539,"","539",50.41,"County","Straight and Level","Blacktop","Dry","Daylight","Clear","Painted Median","None",100,"Foot","North","CONOVER ROAD","NULL","","NULL",50,40,40.24817,-74.52946,"No","NONE REPORTED","59",483828.67,515119.01,NA,"DVRPC",0,"PDO",6169935
6812706,"20061102I-2006-016751","I-2006-016751",2006,"MERCER","Ewing Township","7/5/2006 0:00","Wednesday","July","12/31/1899 20:51","1","EWING POLICE DEPT.","SQUAD3",0,0,0,0,0,"Property Damage","Not At Intersection","No","No","Pedalcyclist",1,"MERCER COUNTY 622","NULL",622,"","11000622",5.56,"County","Straight and Level","Blacktop","Dry","Dark (Street Lights On/ continuous)","Clear","Curbed Median","None",25,"Foot","West","RT 31","NULL","","NULL",40,35,40.24986,-74.77561,"No","NONE","123",415158.09,516058.12,NA,"DVRPC",0,"PDO",6146204
6815996,"2006110306-56943","06-56943",2006,"MERCER","Hamilton Twp (Mercer Co)","12/28/2006 0:00","Thursday","December","12/31/1899 18:15","1","HAMILTON","",0,0,0,0,0,"Property Damage","At Intersection","No","No","Pedalcyclist",2,"US 206","NULL",206,"","206",39.14,"Municipal","Straight and Level","Blacktop","Dry","Dark (Street Lights On/ continuous)","Clear","Barrier Median","None",NA,"At","NULL","HOMESTEAD AVENUE","NULL","","NULL",35,25,40.19014,-74.70939,"No","","363",433750.845103,494180.343422,NA,"DVRPC",0,"PDO",6299854