"ID","DOT_WEB_ID","CASE_NUMBER","CRASH_YEAR","COUNTY","MUNICIPALITY","CRASH_DATE","CRASH_DAY_OF_WEEK","CRASH_MONTH","CRASH_TIME","POLICE_DEPT_CODE","POLICE_DEPARTMENT","POLICE_STATION","TOTAL_KILLED","TOTAL_INCAPACITATED","TOTAL_INJURED","PEDESTRIANS_KILLED","PEDESTRIANS_INJURED","SEVERITY","INTERSECTION","ALCOHOL_INVOLVED","HAZMAT_INVOLVED","CRASH_TYPE","TOTAL_VEHICLES_INVOLVED","CRASH_LOCATION","LOCATION_DIRECTION","ROUTE","ROUTE_SUFFIX","SRI","MILEPOST","ROAD_SYSTEM","ROAD_CHARACTER","ROAD_SURFACE_TYPE","SURFACE_CONDITION","LIGHT_CONDITION","ENVIRONMENTAL_CONDITION","ROAD_DIVIDED_BY","TEMP_TRAFFIC_CONTROL_ZONE","DISTANCE_TO_CROSS_STREET","UNIT_OF_MEASUREMENT","DIRECTION_FROM_CROSS_STREET","CROSS_STREET_NAME","IS_RAMP","RAMP_TO_FROM_ROUTE_NAME","RAMP_TO_FROM_ROUTE_DIRECTION","POSTED_SPEED","POSTED_SPEED_CROSS_STREET","LATITUDE","LONGITUDE","CELL_PHONE_IN_USE","OTHER_PROPERTY_DAMAGE","REPORTING_BADGE_NO","X","Y","CRASH_NARRATIVE","MPO","TOTAL_PEDESTRIANS_INVOLVED","EPDO","DLN"
6818278,"2006110706-058636","06-058636",2006,"MERCER","Lawrence Twp (Mercer Co)","12/23/2006 0:00","Saturday","December","12/31/1899 13:42","1","LAWRENCE","",0,0,0,0,0,"Property Damage","At Intersection","No","No","Pedalcyclist",1,"US 1 BUSINESS","NULL",1,"B","00000001B",0.48,"State Highway","Straight and Level","Blacktop","Wet","Daylight","Overcast","Barrier Median","None",NA,"At","NULL","PEAR STREET","NULL","","NULL",55,25,40.24565,-74.74168,"No","NONE","176",424496.62,514172.7,NA,"DVRPC",0,"PDO",6302282
6820413,"2006111106-23626","06-23626",2006,"MERCER","Trenton City","5/31/2006 0:00","Wednesday","May","12/31/1899 16:13","1","HAMILTON","",0,0,0,0,0,"Property Damage","Not At Intersection","No","No","Pedalcyclist",1,"US 206","NULL",206,"","206",40.79,"Municipal","Curve and Grade","Blacktop","Dry","Daylight","Clear","None","None",200,"Foot","West","LAKESIDE BLVD","NULL","","NULL",40,25,40.20156,-74.73714,"No","","363",426088.251591,498323.987389,NA,"DVRPC",0,"PDO",6166799
6821814,"20061111207-06116895","207-06116895",2006,"MERCER","Trenton City","7/26/2006 0:00","Wednesday","July","12/31/1899 15:56","1","TRENTON","EAST DIST",0,0,0,0,0,"Property Damage","At Intersection","No","No","Pedalcyclist",1,"MERCER COUNTY 606","NULL",606,"","11000606",0.9,"County","Straight and Level","Blacktop","Dry","Daylight","Clear","Painted Median","None",NA,"At","NULL","CR 626","NULL","","NULL",NA,NA,40.21706,-74.74285,"No","","350",424309.501697,504075.033595,NA,"DVRPC",0,"PDO",6153311
6821152,"2.00611111360607E+018","13606074963",2006,"MERCER","Trenton City","5/16/2006 0:00","Tuesday","May","12/31/1899 17:35","1","TRENTON","PATROL",0,0,0,0,0,"Property Damage","Not At Intersection","No","No","Pedalcyclist",1,"US 206","NULL",206,"","206",42.84,"Municipal","Straight and Level","Blacktop","Dry","Daylight","Clear","None","None",100,"Foot","North","E. STATE ST","NULL","","NULL",25,25,40.22104,-74.76425,"No","NONE","107",418347.218163,505214.552956,NA,"DVRPC",0,"PDO",6092821
6821384,"20061111160-06-088671","160-06-088671",2006,"MERCER","Trenton City","6/9/2006 0:00","Friday","June","12/31/1899 19:30","1","TRENTON","PATROL",0,0,0,0,0,"Property Damage","At Intersection","No","No","Pedalcyclist",1,"S CLINTON AVE","NULL",NA,"","11031969",3.1,"Municipal","Straight and Level","Blacktop","Dry","Dusk","Clear","None","None",NA,"At","NULL","BUTLER STREET","NULL","","NULL",25,NA,40.21256,-74.75338,"No","TO DRIVER #1 AND ITS OWNER.","166",421365.01,502440.54,NA,"DVRPC",0,"PDO",6116802
6824002,"20061112D010200602061A","D010200602061A",2006,"MERCER","Washington Twp  (Mercer Co)","10/20/2006 0:00","Friday","October","12/31/1899 8:53","2","STATE POLICE","CRANBURY",0,0,0,0,0,"Property Damage","Not At Intersection","No","No","Pedalcyclist",1,"I-95  N.J. TURNPIKE","East",95,"","95",14.75,"State/Interstate Authority","Curve and Level","Blacktop","Wet","Daylight","Rain","Grass Median","None",NA,"NULL","NULL","","To","I-195","East Bound",NA,NA,40.1888,-74.60883,"No","","630",461765.559568,493738.510513,NA,"DVRPC",0,"PDO",6240807
7113422,"2007110307-1505","07-1505",2007,"MERCER","Hamilton Twp (Mercer Co)","1/10/2007 0:00","Wednesday","January","12/31/1899 17:51","1","HAMILTON","",0,0,0,0,0,"Property Damage","Not At Intersection","No","No","Pedalcyclist",1,"ROUTE 533","NULL",533,"","533",3.22,"County","Straight and Level","Blacktop","Dry","Dark (Street Lights On/ continuous)","Clear","None","None",250,"Foot","South","EATON AVE","NULL","","NULL",NA,25,40.23246,-74.68723,"No","","363",439852.44,509626.02,NA,"DVRPC",0,"PDO",7034396
7114060,"2007110307-27923","07-27923",2007,"MERCER","Hamilton Twp (Mercer Co)","6/27/2007 0:00","Wednesday","June","12/31/1899 13:50","1","HAMILTON","",0,0,0,0,0,"Property Damage","Not At Intersection","No","No","Pedalcyclist",1,"MERCER COUNTY 618","NULL",618,"","11000618",1.29,"County","Straight and Level","Blacktop","Dry","Daylight","Clear","None","None",1000,"Foot","West","M? ST","NULL","","NULL",55,25,40.23093,-74.66474,"No","NONE","381",446124.127299,509079.295068,NA,"DVRPC",0,"PDO",7163566
7117036,"20071106HT2007-019205","HT2007-019205",2007,"MERCER","Hopewell Twp (Mercer Co)","9/12/2007 0:00","Wednesday","September","12/31/1899 17:07","1","HOPEWELL","51 NORTH",0,0,0,0,0,"Property Damage","At Intersection","No","No","Pedalcyclist",1,"PENNINGTON-TITUSVILLE RD","West",NA,"","11061023",0.15,"Municipal","Straight and Level","Blacktop","Dry","Daylight","Clear","None","None",NA,"At","North","DUBLIN RD","NULL","","NULL",25,25,40.32687,-74.80304,"No","","29",407637.674705,544125.515259,NA,"DVRPC",0,"PDO",7190921
7117690,"2007110707-027635","07-027635",2007,"MERCER","Lawrence Twp (Mercer Co)","6/23/2007 0:00","Saturday","June","12/31/1899 2:41","1","LAWRENCE TWP","",0,0,0,0,0,"Property Damage","Not At Intersection","No","No","Pedalcyclist",1,"MERCER COUNTY 613","West",613,"","11000613",0,"County","Straight and Level","Blacktop","Dry","Dark (No Street Lights)","Clear","None","None",75,"Foot","West","PRINCETON AVE.","NULL","","NULL",40,25,40.24188,-74.75072,"No","","195",422137.69,513121.96,NA,"DVRPC",0,"PDO",7178579
7118885,"2007110907-14140","07-14140",2007,"MERCER","Princeton Borough","8/6/2007 0:00","Monday","August","12/31/1899 15:05","1","PRINCETON BOROUGH","",0,0,0,0,0,"Property Damage","At Intersection","No","No","Pedalcyclist",1,"WITHERSPOON ST","NULL",NA,"","11091241",0.11,"Municipal","Straight and Level","Blacktop","Dry","Daylight","Clear","None","None",NA,"At","NULL","HULFISH ST","NULL","","NULL",25,25,40.35117,-74.66041,"No","NONE","142",447418.6,552876.56,NA,"DVRPC",0,"PDO",7168067
7122730,"2.00711113160721E+018","31607214403",2007,"MERCER","Trenton City","11/12/2007 0:00","Monday","November","12/31/1899 11:05","1","TRENTON","PATROL SOUTH",0,0,0,0,0,"Property Damage","At Intersection","No","No","Pedalcyclist",1,"GRAND ST","South",NA,"","11111534",0.52,"Municipal","Straight and Level","Blacktop","Dry","Daylight","Clear","None","None",NA,"At","NULL","LIBERTY ST.","NULL","","NULL",25,NA,40.20256,-74.74357,"No","","166",424093.41,498794.41,NA,"DVRPC",0,"PDO",7253878
7122237,"20071111257-07176345","257-07176345",2007,"MERCER","Trenton City","9/14/2007 0:00","Friday","September","12/31/1899 12:34","1","TRENTON","NORTH",0,0,0,0,0,"Property Damage","At Intersection","No","No","Pedalcyclist",1,"PERRY ST","West",NA,"","11111556",0.32,"Municipal","Straight and Level","Blacktop","Dry","Daylight","Clear","None","None",NA,"At","NULL","ALLEN ST","NULL","","NULL",25,25,40.22404,-74.75964,"No","","464",419627.8,506631.22,NA,"DVRPC",0,"PDO",7197699
7421940,"2008110308-1617","08-1617",2008,"MERCER","Hamilton Twp (Mercer Co)","1/11/2008 0:00","Friday","January","12/31/1899 17:56","1","HAMILTON","",0,0,0,0,0,"Property Damage","At Intersection","No","No","Pedalcyclist",1,"MERCER COUNTY 626","East",626,"","11000626",1.78,"County","Straight and Level","Blacktop","Wet","Dark (Street Lights On/ continuous)","Overcast","None","None",NA,"At","NULL","WILLIAM ST","NULL","","NULL",25,25,40.20171,-74.73128,"No","","402",427524.257921,498475.105633,NA,"DVRPC",0,"PDO",8000670
7423927,"2008110308-56504","08-56504",2008,"MERCER","Hamilton Twp (Mercer Co)","12/30/2008 0:00","Tuesday","December","12/31/1899 16:22","1","HAMILTON TOWNSHIP","",0,0,0,0,0,"Property Damage","Not At Intersection","No","No","Pedalcyclist",1,"KLOCKNER RD","East",NA,"","11031976",3.82,"Municipal","Straight and Level","Blacktop","Dry","Daylight","Clear","None","None",25,"Foot","East","WHITEHORSE HAMILTON SQ RD","NULL","","NULL",40,40,40.2191,-74.67295,"No","","322",443830.729093,504773.9231,NA,"DVRPC",0,"PDO",8297873
7428999,"20081111127-08087763","127-08087763",2008,"MERCER","Trenton City","5/6/2008 0:00","Tuesday","May","12/31/1899 12:05","1","TRENTON","TRENTON",0,0,0,0,0,"Property Damage","Not At Intersection","Yes","No","Pedalcyclist",1,"E STATE ST","NULL",NA,"","11111547",0.16,"Municipal","Straight and Level","Blacktop","Dry","Daylight","Clear","None","None",250,"Foot","East","STOCKTON STREET","NULL","","NULL",25,25,40.22069,-74.75885,"No","","499",419845.370829,505409.22576,NA,"DVRPC",1,"PDO",8157489
7429332,"20081111161-08110401","161-08110401",2008,"MERCER","Trenton City","6/9/2008 0:00","Monday","June","12/31/1899 18:00","1","TRENTON","WEST",0,0,0,0,0,"Property Damage","At Intersection","No","No","Pedalcyclist",1,"PROSPECT ST","NULL",NA,"","11111562",0.42,"Municipal","Curve and Level","Blacktop","Dry","Daylight","Clear","None","None",NA,"At","NULL","STUYVESANT","NULL","","NULL",25,25,40.23087,-74.77421,"No","","233",415566.128762,509130.759635,NA,"DVRPC",0,"PDO",8118337
7430113,"20081111266-08179889","266-08179889",2008,"MERCER","Trenton City","9/22/2008 0:00","Monday","September","12/31/1899 11:57","","TRENTON POLICE DEPT.","PATROL",0,0,0,0,0,"Property Damage","Not At Intersection","No","No","Pedalcyclist",1,"NEW YORK AVE","NULL",NA,"","11111545",0.3,"Municipal","Straight and Level","Blacktop","Dry","Daylight","Clear","None","None",NA,"NULL","South","CR 622","NULL","","NULL",25,25,40.2364,-74.74738,"No","","***",423062.74,511124.03,NA,"DVRPC",0,"PDO",8204872
7429361,"20081111164-08112364","164-08112364",2008,"MERCER","Trenton City","6/12/2008 0:00","Thursday","June","12/31/1899 16:46","1","CITY OF TRENTON","EAST",0,0,0,0,0,"Property Damage","At Intersection","No","No","Pedalcyclist",1,"MERCER COUNTY 606","West",606,"","11000606",0.8,"County","Straight and Level","Blacktop","Dry","Daylight","Clear","None","None",NA,"At","NULL","ANDERSON ST","NULL","","NULL",25,25,40.21659,-74.74464,"No","NONE","***",423807.333538,503905.384368,NA,"DVRPC",1,"PDO",8154849
7429678,"20081111200-08-136118","200-08-136118",2008,"MERCER","Trenton City","7/18/2008 0:00","Friday","July","12/31/1899 17:41","1","TRENTON","EAST",0,0,0,0,0,"Property Damage","At Intersection","No","No","Pedalcyclist",1,"LIBERTY ST","West",NA,"","11112004",0.5,"Municipal","Straight and Level","Blacktop","Dry","Daylight","Clear","Painted Median","None",NA,"At","NULL","SOUTH CLINTON AVENUE","NULL","","NULL",25,25,40.20521,-74.74145,"No","","657",424686.74,499757.87,NA,"DVRPC",0,"PDO",8167624
7431085,"200811122008-007683","2008-007683",2008,"MERCER","Washington Twp  (Mercer Co)","4/18/2008 0:00","Friday","April","12/31/1899 18:16","1","ROBBINSVILLE TWP.","",0,0,0,0,0,"Property Damage","At Intersection","No","No","Pedalcyclist",1,"SHARON RD","East",NA,"","11121030",0.56,"Municipal","Straight and Level","Blacktop","Dry","Daylight","Clear","None","None",NA,"At","NULL","GORDON ROAD","NULL","","NULL",50,40,40.21338,-74.58331,"No","?","539",468858.26,502652.55,NA,"DVRPC",0,"PDO",8080950
7431206,"200811122008-020037","2008-020037",2008,"MERCER","Washington Twp  (Mercer Co)","9/20/2008 0:00","Saturday","September","12/31/1899 8:54","1","ROBBINSVILLE TWP.","",0,0,0,0,0,"Property Damage","At Intersection","No","No","Pedalcyclist",1,"NJ 33","West",33,"","33",6.98,"State Highway","Straight and Level","Blacktop","Dry","Daylight","Clear","None","None",NA,"At","NULL","WASHINGTON BLOUEVARD","NULL","","NULL",45,35,40.22066,-74.63481,"No","","522",454477.354103,505320.227785,NA,"DVRPC",0,"PDO",8216121
7721211,"2009110109-8495","Sep-95",2009,"MERCER","East Windsor Township","6/22/2009 0:00","Monday","June","12/31/1899 18:58","1","EAST WINDSOR TWP PD","TRAFFIC UNIT",0,0,0,0,0,"Property Damage","At Intersection","No","No","Pedalcyclist",2,"ROUTE 571","NULL",571,"","571",35.37,"County","Straight and Level","Blacktop","Dry","Daylight","Clear","None","None",NA,"At","NULL","US 130","NULL","","NULL",45,45,40.27297,-74.53814,"No","","551",481482.142732,524352.104332,NA,"DVRPC",0,"PDO",9126066
7723706,"2009110309-30626","09-30626",2009,"MERCER","Hamilton Twp (Mercer Co)","7/11/2009 0:00","Saturday","July","12/31/1899 17:54","1","HAMILTON TWP PD (MERCER)","",0,0,0,0,0,"Property Damage","Not At Intersection","No","No","Pedalcyclist",1,"MERCER COUNTY 622","East",622,"","11000622",0.64,"County","Straight and Level","Blacktop","Dry","Daylight","Overcast","None","None",500,"Foot","East","ESTATES BLVD","NULL","","NULL",NA,25,40.2054,-74.70829,"No","","446",433949.66,499801.94,NA,"DVRPC",0,"PDO",9142558
7724224,"2009110309-42962","09-42962",2009,"MERCER","Hamilton Twp (Mercer Co)","9/24/2009 0:00","Thursday","September","12/31/1899 16:51","1","HAMILTON TWP PD (ATLANTIC","",0,0,0,0,0,"Property Damage","At Intersection","No","No","Pedalcyclist",1,"NJ 33","East",33,"","33",1.8,"State Highway","Straight and Level","Blacktop","Dry","Daylight","Clear","None","None",NA,"At","NULL","JOHNSTON AVE","NULL","","NULL",30,25,40.22832,-74.72815,"No","","322",428425.377682,508167.391672,NA,"DVRPC",0,"PDO",9241667
7728155,"2009110909-7813","Sep-13",2009,"MERCER","Princeton Borough","5/12/2009 0:00","Tuesday","May","12/31/1899 16:42","1","PRINCETON BORO PD","",0,0,0,0,0,"Property Damage","Not At Intersection","No","No","Pedalcyclist",1,"NJ 27","NULL",27,"","27",0.42,"State Highway","Straight and Level","Blacktop","Dry","Daylight","Clear","None","None",100,"Foot","East","ROUTE 571 / VANDEVENTER AVE / WASHI","NULL","","NULL",25,25,40.35047,-74.65678,"No","","142",448430.487917,552619.954545,NA,"DVRPC",0,"PDO",9094112
7728367,"200911092009-5885","2009-5885",2009,"MERCER","Princeton Borough","4/10/2009 0:00","Friday","April","12/31/1899 10:29","1","PRINCETON BORO PD","",0,0,0,0,0,"Property Damage","Not At Intersection","No","No","Pedalcyclist",1,"NJ 27","NULL",27,"","27",0.26,"State Highway","Straight and Level","Blacktop","Dry","Daylight","Clear","None","None",25,"Foot","West","WITHERSPOON ST","NULL","","NULL",25,25,40.34967,-74.65968,"No","","126",447620.777811,552329.210454,NA,"DVRPC",0,"PDO",9070549
7730630,"2009111109013800","9013801",2009,"MERCER","Trenton City","8/1/2009 0:00","Saturday","August","12/31/1899 21:38","1","TRENTON PD","SOUTH",0,0,0,0,0,"Property Damage","Not At Intersection","No","No","Pedalcyclist",1,"NJ 29","North",29,"","29",2.94,"State Highway","Straight and Level","Blacktop","Dry","Dark (Street Lights On/ continuous)","Clear","Painted Median","None",NA,"NULL","NULL","CASS ST / THUNDER RD","NULL","","NULL",40,25,40.2056,-74.76077,"No","","541",419292.405095,499914.422494,NA,"DVRPC",0,"PDO",9184403
7730791,"2009111109015030","9015031",2009,"MERCER","Trenton City","8/19/2009 0:00","Wednesday","August","12/31/1899 19:32","1","TRENTON PD","TRENTON",0,0,0,0,0,"Property Damage","Not At Intersection","No","No","Pedalcyclist",1,"S CLINTON AVE","South",NA,"","11031969",2.04,"Municipal","Straight and Level","Blacktop","Dry","Dusk","Clear","None","None",100,"Foot","North","REMSEN ST","NULL","","NULL",25,25,40.20378,-74.73799,"No","","584",425653.190948,499234.875031,NA,"DVRPC",0,"PDO",9182585
7729855,"2009111109007310","9007319",2009,"MERCER","Trenton City","4/29/2009 0:00","Wednesday","April","12/31/1899 17:28","1","TRENTON PD","225 N CLINTON",0,0,0,0,0,"Property Damage","Not At Intersection","No","No","Pedalcyclist",1,"NJ 29","North",29,"","29",3.22,"State Highway","Curve and Grade","Blacktop","Dry","Daylight","Clear","Barrier Median","None",NA,"NULL","NULL","S WARREN ST","NULL","","NULL",50,25,40.2081,-74.76483,"No","","575",418160.241045,500827.301751,NA,"DVRPC",0,"PDO",9080726
7730159,"2009111109009990","9009998",2009,"MERCER","Trenton City","6/7/2009 0:00","Sunday","June","12/31/1899 11:39","1","TRENTON PD","PATROL NORTH",0,0,0,0,0,"Property Damage","Not At Intersection","No","No","Pedalcyclist",1,"PERRY ST","West",NA,"","11111556",0.6,"Municipal","Straight and Level","Blacktop","Dry","Daylight","Clear","None","None",NA,"NULL","NULL","EWING ST","NULL","","NULL",25,25,40.22551,-74.75459,"No","","52",421038.98,507162.21,NA,"DVRPC",1,"PDO",9110630
7731944,"2009111109022480","9022484",2009,"MERCER","Trenton City","12/23/2009 0:00","Wednesday","December","12/31/1899 14:30","1","TRENTON PD","EAST DISTRICT",0,0,0,0,0,"Property Damage","At Intersection","No","No","Pedalcyclist",1,"MERCER COUNTY 622","NULL",622,"","11000622",2.66,"County","Straight and Level","Blacktop","Dry","Daylight","Clear","None","None",NA,"At","NULL","NJ 33","NULL","","NULL",25,NA,40.22369,-74.73675,"No","","463",426019.129727,506486.908691,NA,"DVRPC",0,"PDO",9289996
7729978,"2009111109008090","9008093",2009,"MERCER","Trenton City","5/11/2009 0:00","Monday","May","12/31/1899 8:17","1","TRENTON PD","TRENTON PD",0,0,0,0,0,"Property Damage","Not At Intersection","No","No","Pedalcyclist",1,"PERRY ST","NULL",NA,"","11111556",0.06,"Municipal","Straight and Level","Blacktop","Dry","Daylight","Clear","None","None",NA,"NULL","NULL","N BROAD ST","NULL","","NULL",NA,25,40.22273,-74.76438,"No","","618",418301.62,506156.16,NA,"DVRPC",0,"PDO",9090469
7729906,"2009111109007650","9007655",2009,"MERCER","Trenton City","5/4/2009 0:00","Monday","May","12/31/1899 17:06","1","TRENTON PD","PATROL-SOUTH",0,0,0,0,0,"Property Damage","At Intersection","No","No","Pedalcyclist",1,"MERCER COUNTY 650","West",650,"","11000650",0.46,"County","Straight and Level","Blacktop","Wet","Daylight","Rain","None","None",NA,"At","NULL","BEATTY ST","NULL","","NULL",25,25,40.19885,-74.74908,"No","","436",422551.221155,497446.75223,NA,"DVRPC",0,"PDO",9087100
7730752,"2009111109014690","9014696",2009,"MERCER","Trenton City","8/14/2009 0:00","Friday","August","12/31/1899 19:59","1","TRENTON PD","NORTH",0,0,0,0,0,"Property Damage","At Intersection","No","No","Pedalcyclist",1,"N STOCKTON ST","South",NA,"","11111549",0.07,"Municipal","Straight and Level","Blacktop","Dry","Daylight","Clear","Painted Median","None",NA,"At","NULL","ACADEMY ST","NULL","","NULL",25,25,40.2227,-74.76043,"No","","565",419406.934706,506144.550587,NA,"DVRPC",0,"PDO",9183030
7730350,"2009111109011770","9011770",2009,"MERCER","Trenton City","7/2/2009 0:00","Thursday","July","12/31/1899 17:25","1","TRENTON PD","WEST",0,0,0,0,0,"Property Damage","Not At Intersection","No","No","Pedalcyclist",1,"PROSPECT ST","NULL",NA,"","11111562",0.38,"Municipal","Straight and Level","Blacktop","Dry","Daylight","Clear","Painted Median","None",NA,"NULL","NULL","E STUYVESANT AVE","NULL","","NULL",25,25,40.23035,-74.7745,"No","","595",415485.92999,508942.334978,NA,"DVRPC",1,"PDO",9146145
7729531,"2009111109-004009","09-004009",2009,"MERCER","Trenton City","3/7/2009 0:00","Saturday","March","12/31/1899 19:15","1","TRENTON PD","PATROL",0,0,0,0,0,"Property Damage","Not At Intersection","No","No","Pedalcyclist",1,"S CLINTON AVE","North",NA,"","11031969",3.61,"Municipal","Straight and Level","Blacktop","Dry","Dark (Street Lights On/ continuous)","Clear","None","None",50,"Foot","South","YARD AVENUE","NULL","","NULL",25,15,40.21981,-74.75518,"No","NO DAMAGE TO BICYCLE","592",420867.5822,505085.884982,NA,"DVRPC",0,"PDO",9038936
7730689,"2009111109014230","9014232",2009,"MERCER","Trenton City","8/7/2009 0:00","Friday","August","12/31/1899 21:27","1","TRENTON PD","PATROL",0,0,0,0,0,"Property Damage","At Intersection","No","No","Pedalcyclist",1,"CASS ST","South",NA,"","11111527",0.26,"Municipal","Straight and Level","Blacktop","Dry","Dark (Street Lights On/ continuous)","Clear","None","None",NA,"At","NULL","THIRD ST","NULL","","NULL",25,25,40.20575,-74.75599,"No","","617",420626.231303,499965.965751,NA,"DVRPC",0,"PDO",9172185
7730342,"2009111109011720","9011726",2009,"MERCER","Trenton City","7/1/2009 0:00","Wednesday","July","12/31/1899 18:59","1","TRENTON PD","SOUTH-PATROL",0,0,0,0,0,"Property Damage","At Intersection","No","No","Pedalcyclist",1,"CASS ST","West",NA,"","11111527",0.5,"Municipal","Straight and Level","Blacktop","Dry","Daylight","Clear","None","None",NA,"At","NULL","ADELINE ST","NULL","","NULL",25,25,40.20655,-74.7512,"No","","465",421967.354634,500252.918537,NA,"DVRPC",1,"PDO",9149489
7730420,"2009111109012450","9012450",2009,"MERCER","Trenton City","7/12/2009 0:00","Sunday","July","12/31/1899 14:38","1","TRENTON PD","",0,0,0,0,0,"Property Damage","Not At Intersection","No","No","Pedalcyclist",1,"MERCER COUNTY 653","North",653,"","11000653",0.65,"County","Straight and Level","Blacktop","Dry","Daylight","Clear","None","None",NA,"NULL","NULL","SWEETS AVE","NULL","","NULL",25,25,40.23007,-74.76753,"No","","529",417432.48,508833.09,NA,"DVRPC",0,"PDO",9144247
7732908,"20091112I-2009-023929","I-2009-023929",2009,"MERCER","Washington Twp  (Mercer Co)","11/26/2009 0:00","Thursday","November","12/31/1899 14:06","1","ROBBINSVILLE TWP PD","",0,0,0,0,0,"Property Damage","Not At Intersection","No","No","Pedalcyclist",1,"NJ 33","West",33,"","33",7.07,"State Highway","Straight and Level","Blacktop","Dry","Daylight","Clear","None","None",200,"Foot","West","LAKE DR","NULL","","NULL",45,25,40.22013,-74.63326,"No","","536",454912.187998,505128.332508,NA,"DVRPC",0,"PDO",9269279
3441155,"2010110310-10115","10-10115",2010,"MERCER","Hamilton Twp (Mercer Co)","3/11/2010 0:00","Thursday","March","12/31/1899 14:07","1","HAMILTON TWP PD (MERCER)","",0,0,0,0,0,"Property Damage","At Intersection","No","No","Pedalcyclist",1,"NJ 33","NULL",33,"","33",1.64,"State Highway","Straight and Level","Blacktop","Dry","Daylight","Clear","None","None",NA,"At","NULL","CONNECTICUT AVE","NULL","","NULL",35,25,40.2271,-74.73073,"No","","387",427703.929688,507725.248002,NA,"DVRPC",0,"PDO",10049552
3448059,"2010111110004000","10004003",2010,"MERCER","Trenton City","3/16/2010 0:00","Tuesday","March","12/31/1899 20:40","1","TRENTON PD","NORTH PATROL",0,0,0,0,0,"Property Damage","At Intersection","No","No","Pedalcyclist",1,"PERRY ST","East",NA,"","11111556",0.6,"Municipal","Straight and Level","Blacktop","Dry","Daylight","Clear","Painted Median","None",NA,"At","NULL","SOUTHARD ST","NULL","","NULL",25,25,40.22551,-74.75459,"No","","608",421038.98,507162.21,NA,"DVRPC",1,"PDO",10053518
3451344,"20101112I-2010-013922","I-2010-013922",2010,"MERCER","Washington Twp  (Mercer Co)","7/6/2010 0:00","Tuesday","July","12/31/1899 13:10","1","ROBBINSVILLE TWP PD","",0,0,0,0,0,"Property Damage","Not At Intersection","No","No","Pedalcyclist",1,"ROUTE 526","East",526,"","526",10.14,"County","Straight and Level","Blacktop","Dry","Daylight","Clear","None","None",NA,"NULL","East","","NULL","","NULL",35,NA,40.18127,-74.58931,"No","","524",467172.342235,490955.178561,NA,"DVRPC",0,"PDO",10163849